zipCode,returns,singleReturns,jointReturns,dependents,adjGrossIncome,totalIncome_returns,totalIncome_amount
10001,13720,9920,2330,3170,2094642,13720,2127995
10002,43410,25360,11120,19730,2002349,43410,2033619
10003,29340,22430,5300,4800,6135126,29340,6229147
10004,2580,1530,800,1080,892142,2580,904779
10005,5660,4070,1300,1300,5343796,5660,5371221
10006,2360,1800,430,460,421654,2360,428551
10007,3460,2020,1180,1510,1712816,3460,1733784
10009,32170,22820,5000,9730,2299944,32170,2336842
10010,17270,12740,3440,3370,3424038,17270,3472481
10011,30420,22760,5420,5500,7422443,30420,7536603
10012,12780,9440,2470,2480,2682639,12780,2720880
10013,15060,9160,4540,5730,4872698,15060,4935026
10014,18950,14640,3280,2940,4861288,18950,4930162
10016,30970,23300,5730,5350,8730077,30970,8814856
10017,11870,8120,2850,2710,4079743,11870,4126925
10018,6230,4520,1140,1440,2550416,6230,2573118
10019,24200,17400,4620,5060,6040781,24200,6108825
10021,23860,15450,6750,6330,11744436,23860,11877178
10022,19780,12910,5480,4610,10036729,19780,10328745
10023,33900,22040,9160,9490,10708893,33900,10861855
10024,30820,18800,9440,11170,9152767,30820,9317798
10025,46200,28220,11430,18080,6051861,46200,6184796
10026,17660,10370,2420,10070,993545,17660,1008610
10027,26780,15710,3780,14880,1396419,26780,1417654
10028,25370,16530,7050,7620,8970406,25370,9092931
10029,34300,19180,4830,22430,1714185,34300,1736681
10030,13240,7610,1150,8450,472006,13240,478156
10031,28740,17650,3300,16200,1001265,28740,1014945
10032,31540,19020,3640,19540,1001227,31540,1014325
10033,27110,15820,4430,15620,1067109,27110,1085242
10034,20340,11490,3140,12080,764345,20340,774547
10035,15360,8580,1950,10490,603151,15360,609558
10036,17980,13270,3030,3990,3690222,17980,3729634
10037,10280,6220,860,5280,445291,10280,449823
10038,12300,8240,2620,3900,1426096,12300,1446450
10039,13400,7150,1190,9300,468538,13400,473199
10040,21670,12420,3440,12590,808747,21670,820286
10044,4160,2420,1180,1670,346386,4160,351563
10065,15670,10110,4320,4340,6983851,15670,7060114
10069,2660,1300,1100,1250,1258210,2660,1276318
10075,14330,9420,3930,4140,5843617,14330,5912074
10128,32510,20750,8940,10550,10821609,32510,10972659
10162,700,330,330,400,177246,700,180653
10280,4160,2420,1360,1610,782322,4160,794352
10282,2400,1130,1040,1350,968177,2400,979680
10301,17240,8660,4580,11130,1090169,17240,1103924
10302,7710,3460,2170,6080,362243,7710,365038
10303,11700,5170,2630,9720,492630,11700,495884
10304,18950,8380,5190,14290,1203206,18950,1218307
10305,18720,8750,6770,12000,1092453,18720,1103047
10306,25970,12060,10190,15510,1745314,25970,1763456
10307,6220,2820,2660,4470,527395,6220,533530
10308,13300,6130,5600,7820,935036,13300,943098
10309,14630,6460,6360,9870,1132904,14630,1145489
10310,10990,4990,3300,8520,626031,10990,632212
10312,28440,12710,12320,17530,2146508,28440,2167264
10314,39620,18060,15840,25330,2592527,39620,2619150
10451,22270,10850,2360,18070,647933,22270,652966
10452,35350,16790,3990,31480,867413,35350,875934
10453,37070,17660,3850,32910,876875,37070,885440
10454,15220,6940,1590,14660,364122,15220,367537
10455,17090,7950,1970,15820,430940,17090,434729
10456,38800,17730,3950,36680,916804,38800,925728
10457,31770,14990,3250,29360,757012,31770,764660
10458,33010,16060,4190,28640,857682,33010,866120
10459,20860,9530,2460,19160,537557,20860,542108
10460,24700,11560,2620,21920,630094,24700,635242
10461,23340,11590,5910,14830,1096894,23340,1105759
10462,38370,18850,7430,27240,1482923,38370,1495011
10463,33220,17170,7430,19660,1978706,33220,2003887
10464,2140,1180,650,920,163217,2140,165381
10465,19250,9310,5020,11750,1082818,19250,1090084
10466,31640,14430,4370,23510,1122503,31640,1129756
10467,42930,20290,6530,34610,1357285,42930,1368864
10468,35240,17600,4320,28900,944103,35240,952553
10469,31030,14220,5540,22090,1303391,31030,1313311
10470,7390,3890,1560,4300,345546,7390,348229
10471,9800,5250,3010,4740,1155866,9800,1173797
10472,27360,13000,4460,23610,750631,27360,757519
10473,27320,13140,3480,20960,983107,27320,989518
10474,4690,2220,500,4400,121027,4690,122362
10475,22020,11850,3050,11330,986202,22020,991380
10501,650,260,330,490,96181,650,98162
10502,2910,1230,1430,2130,418635,2910,426666
10504,5360,1880,3170,4570,2241447,5360,2274575
10505,570,230,260,460,62777,570,63799
10506,2830,1160,1480,2160,1019576,2830,1041844
10507,2590,1230,990,1740,445501,2590,452277
10509,9710,4630,3910,5860,793397,9710,804587
10510,4870,2110,2410,3340,1259611,4870,1286594
10511,1130,540,440,700,77202,1130,77827
10512,12330,5740,5160,7090,999819,12330,1011552
10514,5480,2080,3090,4780,2349510,5480,2398763
10516,2780,1310,1160,1540,275100,2780,281481
10518,740,330,320,500,105187,740,107688
10520,6350,3000,2710,3780,793818,6350,806816
10522,5210,2450,2090,3180,667713,5210,682122
10523,4830,2370,1400,2960,325094,4830,328716
10524,2050,920,940,1130,334048,2050,339647
10526,1040,510,420,610,145526,1040,149001
10527,420,150,230,300,59999,420,61031
10528,5750,2740,2350,3500,1319375,5750,1338600
10530,7090,3800,2610,2820,906344,7090,920070
10532,2630,1230,1210,1560,237939,2630,240828
10533,3830,1710,1780,2640,830848,3830,849585
10535,370,190,130,260,22652,370,23046
10536,5280,2300,2520,3760,1353543,5280,1377853
10537,1180,580,430,680,71797,1180,72617
10538,8060,3540,3950,6110,2881857,8060,2937868
10541,12330,5550,5470,7960,1024407,12330,1036566
10543,9600,4520,3770,6270,1394547,9600,1418794
10546,710,310,320,500,149954,710,152948
10547,3540,1610,1380,2340,267923,3540,271014
10548,1570,750,630,910,122605,1570,124227
10549,8240,3860,3170,5470,1649491,8240,1676875
10550,18270,8210,2580,13810,645261,18270,650014
10552,10680,5460,2750,5300,771774,10680,780938
10553,5670,2630,850,3740,265757,5670,267506
10560,2180,1010,1010,1310,411706,2180,420664
10562,16030,7740,5420,9590,1225514,16030,1244453
10566,12120,6100,3260,7220,644359,12120,650192
10567,9530,4200,4300,6200,948274,9530,962546
10570,5940,2700,2740,3960,961801,5940,980865
10573,18800,8690,6400,13600,1664796,18800,1691594
10576,2450,980,1270,1650,701130,2450,717942
10577,1520,710,700,960,1019759,1520,1031228
10578,450,190,200,300,38646,450,39299
10579,4340,1990,1920,2600,392537,4340,397525
10580,8060,3590,3920,6550,3899799,8060,3953749
10583,18850,8160,9320,13920,7431065,18850,7556935
10588,1300,640,540,750,103327,1300,105054
10589,4520,2120,2080,1720,549880,4520,557905
10590,3150,1340,1520,2100,517180,3150,530148
10591,11670,5800,3760,6680,1343081,11670,1360808
10594,2520,1170,1120,1510,295803,2520,300484
10595,3150,1420,1450,1850,368211,3150,372786
10597,510,220,240,320,170827,510,175198
10598,14410,6430,6720,9320,1589499,14410,1610422
10601,6050,3450,1430,2820,763043,6050,775524
10603,10020,5150,2900,5580,737193,10020,746522
10604,5560,2610,2020,3700,671855,5560,682456
10605,10060,4920,3900,5530,1364557,10060,1391609
10606,8150,3820,2390,5740,599455,8150,610124
10607,3940,1820,1380,2340,331934,3940,336356
10701,28220,13440,5800,21190,1241251,28220,1253549
10703,10390,5030,2770,6960,526334,10390,530843
10704,16480,8560,4790,8860,981989,16480,990685
10705,17900,8210,3920,14090,784554,17900,792458
10706,4500,2060,1990,2770,710047,4500,727306
10707,5090,2460,1940,3030,537853,5090,545787
10708,11400,5980,4250,5820,3101064,11400,3141002
10709,4730,2220,2030,2930,588612,4730,597585
10710,13970,6880,4690,7420,1013924,13970,1025773
10801,18080,8600,5440,12900,1150008,18080,1164488
10803,6030,2630,2710,4730,1219758,6030,1245298
10804,7200,3060,3530,4870,1500010,7200,1536773
10805,9030,4690,2510,4830,587279,9030,594843
10901,11600,5520,4740,7860,1174810,11600,1194845
10913,2500,1130,1180,1740,309653,2500,313824
10916,2130,920,990,1520,198834,2130,202161
10917,1000,460,410,750,86271,1000,87699
10918,5430,2500,2220,3490,411936,5430,416927
10919,590,260,260,370,39538,590,39936
10920,4460,2090,1870,2850,362354,4460,366364
10921,2160,990,880,1460,152046,2160,153755
10923,4750,2290,1520,2900,289198,4750,292009
10924,6050,2850,2470,3940,537044,6050,546375
10925,2540,1250,960,1310,166231,2540,168089
10926,1880,920,640,1170,126226,1880,127737
10927,5980,2970,1180,4600,229613,5980,231996
10928,2240,1200,640,1180,115592,2240,116606
10930,4390,1890,1900,3370,375681,4390,379878
10931,490,240,140,320,26416,490,26576
10940,23130,10590,6770,17490,1165333,23130,1176455
10941,6780,3210,2270,4430,393559,6780,397753
10950,16850,5850,9170,23040,1147756,16850,1160627
10952,12290,3610,7620,22910,1042696,12290,1065613
10954,12210,5950,4500,7250,943880,12210,955029
10956,15960,6780,7430,10510,1775709,15960,1804606
10958,1590,710,670,1090,105302,1590,106806
10960,7660,4150,2260,3830,722434,7660,737742
10962,2590,1200,1090,1740,247099,2590,250164
10963,1200,530,490,780,72923,1200,73435
10964,730,330,330,420,141441,730,144630
10965,7560,3640,3300,4660,711628,7560,719476
10968,1210,650,390,450,148956,1210,152352
10969,610,280,230,410,37634,610,38324
10970,5080,2410,1800,2890,385477,5080,390271
10973,1110,460,480,730,77572,1110,78558
10974,1540,720,640,1070,124842,1540,126546
10975,140,100,40,60,8422,140,8579
10976,840,500,260,440,55212,840,55961
10977,24790,10090,8790,30000,1258091,24790,1272042
10980,7010,3350,2780,4150,548700,7010,553710
10983,2930,1280,1380,1920,278674,2930,282003
10984,1310,580,540,800,104364,1310,105268
10985,180,80,90,100,11843,180,12089
10986,900,400,390,540,79493,900,80631
10987,1820,770,930,940,299619,1820,305619
10989,4940,2460,1970,2650,425009,4940,430485
10990,9660,4360,4240,5970,951957,9660,966166
10992,4770,2210,1970,3110,343172,4770,346735
10993,2480,1290,610,1690,110282,2480,110932
10994,3820,1700,1780,2470,415159,3820,422517
10996,1250,480,710,1410,78693,1250,79276
10998,1500,590,710,1210,108274,1500,109482
11001,13660,6300,5730,8700,1119857,13660,1132235
11003,23190,10500,5730,16350,1132574,23190,1141839
11004,6690,3290,2620,3600,420532,6690,425523
11005,1470,1010,400,40,175556,1470,177157
11010,12340,5980,4910,7110,865102,12340,874574
11020,3020,1260,1410,2160,544253,3020,554523
11021,9290,4740,3680,5020,1487934,9290,1524069
11023,3910,1610,2000,3320,673720,3910,690445
11024,3190,1440,1500,2620,1041337,3190,1071025
11030,8510,3570,4410,6160,2713441,8510,2761352
11040,20930,9320,9620,13780,1932665,20930,1959605
11050,14680,6670,6490,9310,2546778,14680,2602561
11096,3780,1790,900,2940,140717,3780,142162
11101,15150,8830,3460,7060,972808,15150,985624
11102,19520,11960,4250,8990,890292,19520,902508
11103,20780,13350,5040,7900,954858,20780,969159
11104,15070,8750,4290,6630,765714,15070,776132
11105,19470,11940,5390,7510,1011364,19470,1025761
11106,21910,13880,5020,8940,1037235,21910,1051783
11109,3460,2240,950,700,462014,3460,467910
11201,29680,18310,8310,9980,5112729,29680,5197678
11203,36830,16970,5210,24440,1346763,36830,1355634
11204,31820,13230,14120,29280,1606891,31820,1629709
11205,18110,10110,4160,14390,1005664,18110,1023360
11206,35070,19290,6040,28200,1146373,35070,1162178
11207,41190,18940,4650,33190,1206549,41190,1216052
11208,41860,17870,6770,36000,1179525,41860,1189242
11209,33670,18520,10720,17580,2276910,33670,2309786
11210,29050,13090,6760,23730,1888103,29050,1917008
11211,30520,19710,6870,17500,1791794,30520,1822086
11212,36910,15980,3780,30950,1043007,36910,1050854
11213,28280,13810,4360,22270,964964,28280,975809
11214,38430,17550,14590,25140,1563213,38430,1582385
11215,34930,19790,10570,17450,3882566,34930,3965200
11216,27520,17190,2770,13400,1096986,27520,1112530
11217,18380,11580,4070,7090,1941268,18380,1977420
11218,32840,15970,11580,27520,1624318,32840,1652281
11219,33100,11970,16890,42220,1364843,33100,1386109
11220,51970,24160,18640,38080,1360015,51970,1377267
11221,36490,19830,4130,24620,1166455,36490,1178856
11222,22060,15260,4810,5820,1261777,22060,1284758
11223,31240,13960,12000,23060,1971512,31240,1996061
11224,19420,9920,4480,11740,717045,19420,726459
11225,29940,16370,4230,17790,1228231,29940,1243230
11226,50400,24820,6770,34030,1722653,50400,1741717
11228,18670,8610,7550,11970,1081095,18670,1094666
11229,34960,16110,13250,22880,1922566,34960,1951637
11230,33900,15460,12990,29890,2177511,33900,2217478
11231,16950,9430,4750,8460,1875833,16950,1913607
11232,12600,6660,3310,8570,435664,12600,442176
11233,29660,14050,2970,22500,1017712,29660,1027186
11234,41180,18710,11390,27590,2423833,41180,2449778
11235,36820,18300,12240,19510,1925904,36820,1954368
11236,46150,20200,6890,33080,1837123,46150,1849528
11237,22710,13300,3530,14050,685009,22710,695514
11238,29270,19050,4970,11150,2064377,29270,2102096
11239,6790,3310,680,4680,248163,6790,249734
11354,28390,14890,9760,12680,1008807,28390,1023869
11355,47600,24520,16870,23720,1287291,47600,1307545
11356,11830,5300,4000,7850,509161,11830,515291
11357,19350,9140,8110,10200,1469576,19350,1489003
11358,18250,8610,7330,10020,1006877,18250,1021892
11360,9940,5120,3830,4160,836069,9940,848670
11361,13570,6560,5300,7600,847874,13570,859145
11362,8570,4000,3670,4570,638785,8570,647724
11363,3370,1560,1480,1840,370854,3370,378123
11364,17610,8300,7200,10090,1116336,17610,1131429
11365,20170,9170,7720,12900,1094640,20170,1108366
11366,6590,2980,2720,4200,419895,6590,425878
11367,18240,8190,6820,13340,995934,18240,1011705
11368,46510,20720,11180,39640,1252689,46510,1266352
11369,17340,7940,4200,13090,586927,17340,592669
11370,13000,6020,4440,8690,535522,13000,542058
11372,34560,17630,9710,21240,1379743,34560,1399272
11373,49090,24010,15780,31830,1540367,49090,1559337
11374,22240,11320,7260,11130,1234938,22240,1251998
11375,35280,18640,12290,15760,2958154,35280,3006605
11377,44400,23320,13470,26150,1672212,44400,1692841
11378,17100,7940,6120,10580,850047,17100,858779
11379,17330,8290,6540,9340,1072037,17330,1081815
11385,47450,22740,13910,31360,1929001,47450,1948325
11411,10590,5110,1850,6020,506100,10590,508979
11412,18430,8690,2560,12220,741383,18430,745809
11413,20830,9600,3300,13650,934909,20830,940867
11414,12720,6230,4390,6570,810182,12720,817929
11415,9480,5070,2850,5030,558050,9480,567144
11416,11740,4910,3270,9690,380321,11740,383883
11417,14400,6310,4330,10540,574890,14400,579544
11418,16990,7690,4920,12720,662242,16990,670034
11419,22960,9750,6670,16990,730117,22960,737213
11420,21780,9340,6090,15690,832745,21780,839487
11421,19920,9040,5380,14410,740488,19920,746964
11422,15860,7250,2640,10520,725787,15860,730375
11423,14870,6650,3890,10020,650266,14870,657303
11426,9180,4120,3620,5840,523875,9180,529466
11427,11490,5190,3850,7300,621771,11490,629520
11428,9880,4420,3020,6620,425926,9880,429292
11429,12740,5920,2220,8380,516711,12740,520269
11430,170,100,0,70,8461,170,8498
11432,27300,12610,8900,19850,1190643,27300,1206344
11433,15530,6950,2420,12380,517161,15530,521098
11434,31030,15010,4070,20600,1224601,31030,1232331
11435,25610,12010,6760,17590,981022,25610,990811
11436,9030,4060,1670,6680,334411,9030,336602
11501,10480,5460,3770,5090,753542,10480,762578
11507,3760,1680,1750,2430,429508,3760,437476
11509,1330,630,570,620,233149,1330,238569
11510,17540,8250,5520,10900,1218821,17540,1232226
11514,2460,1230,960,1320,186528,2460,188719
11516,3260,1350,1560,3230,406189,3260,414961
11518,5460,2720,2160,3030,554179,5460,561446
11520,23100,11950,5140,14520,1112450,23100,1123133
11530,14180,6560,6690,9580,3166144,14180,3217662
11542,13290,6710,4310,7170,989943,13290,1005707
11545,6050,2810,2780,3730,1800237,6050,1829914
11548,650,330,260,410,73029,650,74616
11550,28050,14410,4480,20270,1067478,28050,1075596
11552,12610,5870,4450,8660,904620,12610,918005
11553,14050,6860,2630,9710,569501,14050,573493
11554,19530,9370,8140,10940,1452791,19530,1472075
11557,4040,1790,1790,2590,705826,4040,721773
11558,3980,2000,1440,2070,276854,3980,280501
11559,3780,1700,1710,3400,1184601,3780,1203225
11560,3400,1660,1380,2000,1003623,3400,1016393
11561,18770,10970,5510,7710,1652240,18770,1677685
11563,11420,5690,4390,6440,904856,11420,915453
11565,4730,2210,2050,2500,443493,4730,449726
11566,18060,8050,8390,11430,1995196,18060,2032823
11568,1700,820,760,1050,904579,1700,918575
11570,14130,7000,5620,8850,1892114,14130,1924947
11572,15680,7310,6810,9340,1342180,15680,1363411
11575,8820,4430,1390,6430,328132,8820,330339
11576,6250,2730,3120,3980,1572886,6250,1612190
11577,5860,2560,2760,4160,1005118,5860,1028063
11579,2600,1240,1100,1480,341034,2600,347794
11580,21210,9700,6700,14050,1307837,21210,1319906
11581,10670,4650,4250,7410,861272,10670,873912
11590,25050,12180,7580,15640,1567949,25050,1586197
11596,5360,2520,2430,3490,574519,5360,584153
11598,5850,2350,3050,5570,967432,5850,994216
11691,21710,9270,4290,20980,811125,21710,821594
11692,8090,3480,1240,6870,284299,8090,286523
11693,5380,2590,1270,3500,250944,5380,253044
11694,8290,4290,2700,4690,748839,8290,756415
11697,1870,980,780,960,168179,1870,169732
11701,14610,7390,3280,8920,759400,14610,767786
11702,7570,3860,2890,3930,721375,7570,730735
11703,9080,4600,3150,5050,560982,9080,565830
11704,20410,10260,6630,11630,1163187,20410,1172612
11705,3960,1810,1700,2640,384585,3960,390950
11706,31660,15130,8840,21570,1661901,31660,1678272
11709,3460,1680,1430,1960,323461,3460,329191
11710,17760,8460,7600,10820,1601988,17760,1626406
11713,5260,2540,1540,3640,328344,5260,333366
11714,12330,6200,4970,6560,861567,12330,870021
11715,2360,1130,980,1340,205075,2360,207632
11716,5520,2790,2090,3020,386752,5520,391442
11717,31740,14660,6430,25120,1084585,31740,1090746
11718,1740,830,720,1030,234947,1740,238620
11719,1610,790,650,780,137129,1610,139261
11720,14420,6930,5730,8910,972178,14420,981400
11721,3230,1490,1450,2040,451128,3230,460757
11722,18950,9060,3940,14010,757855,18950,762130
11724,1710,780,800,1250,481045,1710,491298
11725,14410,6390,6780,9390,1414634,14410,1438338
11726,10790,5260,2750,6830,480907,10790,484769
11727,14320,6990,4760,8020,866083,14320,873412
11729,14550,7130,5030,8620,852833,14550,860027
11730,7270,3480,3000,4450,644587,7270,652049
11731,14910,6770,6680,9670,1328820,14910,1347398
11732,1840,890,830,990,246194,1840,251181
11733,8610,3730,4110,5580,1847757,8610,1868580
11735,17140,8830,6250,9340,1300765,17140,1315893
11738,8290,3810,3320,5490,525650,8290,530129
11740,4550,2120,1960,3050,447731,4550,455125
11741,14180,6580,5800,8220,1028609,14180,1038622
11742,6970,3360,2690,4320,491669,6970,496522
11743,21860,10500,9040,12250,3227837,21860,3290563
11746,33360,15590,12580,22280,3077723,33360,3137308
11747,10530,4740,4910,6190,2259270,10530,2291590
11749,1800,920,540,1010,110188,1800,111595
11751,7710,3870,2860,4420,598056,7710,605155
11752,5240,2620,1950,2970,330538,5240,333584
11753,6440,2670,3300,4540,1333492,6440,1362641
11754,9420,4530,3980,5580,789736,9420,798834
11755,6110,2890,2560,3530,501177,6110,506785
11756,22880,11270,8930,13070,1540228,22880,1552824
11757,23370,11680,8490,13270,1349487,23370,1362020
11758,28390,13650,11770,16130,2500277,28390,2530596
11762,11590,5360,5330,7010,1046771,11590,1057850
11763,14530,6910,5110,8850,864405,14530,871820
11764,6290,2650,2950,4430,626627,6290,635238
11765,330,170,130,140,164383,330,166345
11766,6170,2620,2990,3960,663114,6170,672732
11767,7150,3130,3200,4890,648466,7150,656861
11768,10870,4930,5100,6630,1449565,10870,1479367
11769,5000,2560,1990,2420,411327,5000,416774
11771,5150,2590,2040,2860,1193790,5150,1215570
11772,22370,11370,6980,12590,1261967,22370,1275370
11776,11910,5670,4540,7410,780579,11910,788195
11777,4590,2210,1850,2400,644790,4590,654518
11778,6080,2850,2390,3960,420849,6080,424950
11779,19170,9110,7450,11590,1209888,19170,1220032
11780,7640,3610,3430,4710,1354738,7640,1374623
11782,7990,3860,3370,4670,719107,7990,727810
11783,10930,5180,4820,6470,954261,10930,965422
11784,12050,5790,4570,7630,694612,12050,700081
11786,3120,1340,1490,2260,299758,3120,303783
11787,17060,7630,7950,10870,1751479,17060,1775279
11788,8480,3850,3730,5320,788395,8480,798077
11789,3720,1750,1420,2300,240539,3720,242910
11790,6710,3050,3150,3980,719391,6710,728850
11791,12090,5130,6160,8820,2194523,12090,2239814
11792,4230,1860,1960,2670,387695,4230,393541
11793,16580,7840,7410,10380,1496051,16580,1513922
11795,13000,6170,5590,8210,1130836,13000,1146899
11796,1860,890,790,1130,142584,1860,144140
11797,4600,2230,2040,2630,1026690,4600,1052539
11798,8150,3740,1380,6640,326135,8150,328885
11801,21170,10330,8460,12070,1347370,21170,1362208
11803,14190,6130,7150,9080,1630582,14190,1662920
11804,2520,1080,1260,1670,280211,2520,285155
11901,12510,6380,3600,7170,628869,12510,636750
11933,3450,1700,1360,1660,233953,3450,237103
11934,3840,1690,1680,2630,302216,3840,306140
11935,1850,890,780,890,175393,1850,178920
11937,9010,4770,2910,4480,948592,9010,972772
11939,510,250,220,150,47338,510,48211
11940,2750,1280,1160,1570,249769,2750,253557
11941,1310,590,570,680,103424,1310,105705
11942,2650,1260,1000,1550,212036,2650,216365
11944,2300,1240,670,1040,141388,2300,143519
11946,7390,3740,2570,3990,453175,7390,462918
11948,630,300,270,300,51340,630,52308
11949,6930,3230,2960,4640,548277,6930,554717
11950,7680,3440,2470,5760,358437,7680,360973
11951,6250,3020,1860,4330,285220,6250,287206
11952,2620,1250,1120,1280,236034,2620,240497
11953,6640,3290,2200,3300,382264,6640,385491
11954,2740,1520,820,1030,203671,2740,209739
11955,1760,880,600,690,108814,1760,109882
11957,460,230,190,150,56364,460,57717
11958,490,250,190,270,38439,490,46918
11961,6870,3470,2580,2940,404518,6870,407834
11963,4140,2270,1420,1720,477523,4140,492081
11967,12480,5860,4380,8430,666082,12480,671457
11968,5320,2770,1830,2670,597606,5320,612296
11971,3100,1470,1390,1350,276024,3100,281401
11976,1170,590,440,550,278790,1170,286060
11977,1300,640,510,630,124283,1300,127701
11978,1940,980,690,1010,219350,1940,223459
11980,2240,1140,810,1120,167003,2240,168777
12007,100,60,40,40,5509,100,5350
12008,230,100,110,150,17202,230,17569
12009,3720,1690,1640,2000,282092,3720,286177
12010,13180,6470,4310,7460,600793,13180,607684
12015,1650,780,720,860,104970,1650,106227
12017,170,70,90,80,13143,170,13365
12018,3860,1700,1760,2070,265396,3860,269560
12019,7690,3350,3740,4320,622569,7690,630563
12020,15890,7610,6520,8650,1006616,15890,1019593
12022,380,170,200,230,19138,380,19317
12023,1010,460,450,550,56000,1010,56641
12025,2700,1240,1080,1520,145450,2700,147439
12027,2020,870,990,1210,165430,2020,167688
12028,600,260,260,310,29666,600,30203
12029,510,230,210,220,37917,510,38883
12031,110,50,40,60,4096,110,4126
12032,480,210,210,210,26005,480,24964
12033,4090,1930,1720,2070,268607,4090,272269
12035,410,210,160,210,18070,410,18219
12037,1730,880,640,860,94941,1730,96985
12041,290,130,120,140,15205,290,15335
12042,220,100,90,120,11322,220,11445
12043,3080,1480,1200,1600,157310,3080,159434
12046,320,160,150,170,20550,320,20758
12047,9980,5490,2980,4910,521406,9980,526941
12051,1780,920,620,950,95477,1780,96679
12052,720,330,330,370,40737,720,41170
12053,2130,910,1030,1160,138655,2130,140233
12054,8840,4190,3890,4980,806161,8840,822948
12056,1180,530,570,560,83365,1180,84411
12057,760,320,360,450,33060,760,33607
12058,650,280,290,370,32553,650,32842
12059,830,400,380,350,49290,830,49712
12060,680,280,310,320,47330,680,48305
12061,4920,2440,2000,2490,379770,4920,385759
12062,840,380,360,400,45885,840,46517
12063,290,130,130,150,19971,290,20475
12064,220,90,90,140,7814,220,7900
12065,22140,10590,9400,12140,1711930,22140,1736705
12066,980,440,450,500,54534,980,55035
12067,780,380,330,360,50324,780,50987
12068,1380,630,530,860,64130,1380,64879
12070,640,270,290,350,39666,640,40159
12071,120,60,50,80,5398,120,5442
12072,1180,490,520,790,58641,1180,59093
12074,1490,670,680,710,89125,1490,90590
12075,1480,710,660,800,98638,1480,100688
12076,560,250,270,300,26352,560,26768
12077,3220,1540,1410,1870,275415,3220,280023
12078,9950,4660,3320,6010,404881,9950,409617
12083,1870,900,800,940,99638,1870,100781
12084,2300,1220,850,1080,172445,2300,175111
12085,220,130,60,100,9338,220,9391
12086,960,490,380,380,51131,960,51881
12087,590,290,270,320,32563,590,32936
12090,2640,1220,1060,1590,127997,2640,129571
12092,520,230,220,300,25773,520,26090
12093,700,310,280,410,31632,700,32030
12094,1080,460,480,620,58072,1080,58664
12095,5600,2680,2060,2960,251635,5600,253950
12106,1350,660,520,590,91999,1350,93512
12108,230,110,110,80,12444,230,12599
12110,10250,5240,3990,4990,698459,10250,709611
12116,800,360,340,400,35646,800,36109
12117,1540,720,580,760,72132,1540,72797
12118,7520,3600,2990,4040,469688,7520,474965
12120,270,100,130,140,14577,270,14791
12121,930,410,440,470,59819,930,60614
12122,1860,850,760,930,85157,1860,86158
12123,2570,1190,1050,1280,152577,2570,154575
12125,740,420,240,320,40269,740,40872
12130,550,280,200,270,26897,550,27202
12131,100,50,40,50,4559,100,4609
12134,1710,770,750,840,84268,1710,85366
12136,430,200,200,170,43416,430,44636
12137,860,400,380,410,50242,860,50748
12138,1330,580,600,700,70074,1330,70939
12139,140,50,60,50,6880,140,6995
12140,910,410,390,490,57983,910,58554
12143,2460,1190,910,1340,127744,2460,128726
12144,10460,5600,3390,4920,574755,10460,580988
12147,290,130,130,120,18979,290,19190
12148,2410,1030,1240,1470,244082,2410,247803
12149,990,470,390,610,44084,990,44456
12150,470,250,170,210,24691,470,24905
12151,440,220,160,180,28230,440,28639
12153,490,210,210,210,28187,490,28793
12154,1450,650,640,770,87011,1450,88161
12155,760,330,340,450,31490,760,32046
12156,430,210,170,230,26462,430,26946
12157,1800,820,780,920,95008,1800,96054
12158,3130,1430,1330,1860,205371,3130,207651
12159,4360,2140,1910,2450,534191,4360,545905
12160,440,210,200,220,21198,440,21418
12164,270,120,130,110,13070,270,13454
12165,210,90,110,70,21830,210,22492
12166,660,300,270,410,28271,660,28573
12167,1130,540,450,510,50039,1130,50737
12168,940,460,360,380,47814,940,48371
12169,160,80,70,70,8874,160,8942
12170,2570,1170,1090,1350,147172,2570,149188
12173,740,330,330,360,39797,740,40606
12175,340,150,150,210,16139,340,16244
12176,120,50,50,80,6471,120,6501
12180,22980,12580,6280,12050,1106505,22980,1119835
12182,7070,3580,2160,3850,317044,7070,319910
12183,1430,850,320,620,57083,1430,57472
12184,3280,1490,1430,1790,231252,3280,234135
12185,960,450,380,500,60326,960,60951
12186,3330,1510,1540,1750,286447,3330,291643
12187,430,210,160,220,18274,430,18467
12188,5920,2920,2220,2890,347457,5920,351482
12189,9090,5150,2440,4550,433397,9090,437659
12190,360,160,160,150,17347,360,17507
12192,700,340,280,320,35911,700,36269
12193,1050,480,450,530,61184,1050,61961
12194,110,50,50,60,5515,110,5582
12196,1560,700,720,870,114112,1560,115639
12197,950,440,410,490,42691,950,43237
12198,4000,1900,1680,2140,269851,4000,273648
12202,4250,2320,450,3010,115021,4250,115912
12203,13530,8370,3850,4530,960540,13530,972969
12204,3750,2080,950,1900,253208,3750,257200
12205,14790,7930,5040,6330,780313,14790,788120
12206,6950,3790,1080,4770,221638,6950,224260
12207,670,440,60,380,20341,670,20598
12208,9930,6120,2660,3850,559426,9930,567304
12209,5170,2910,1190,2940,221542,5170,223540
12210,4890,3270,480,2150,185755,4890,188614
12211,6060,2890,2680,2980,730616,6060,744044
12302,14120,6830,5840,7060,884259,14120,894929
12303,14860,7080,5330,8880,862139,14860,873696
12304,10280,5300,2960,5980,418024,10280,421517
12305,1870,1410,220,560,62797,1870,63790
12306,13490,6840,4790,6560,706290,13490,713287
12307,2800,1230,420,2860,56937,2800,57305
12308,6200,3310,1480,3810,252211,6200,255356
12309,15110,6870,6860,8500,1383082,15110,1405321
12401,15990,8220,4840,8500,775942,15990,787456
12404,1600,740,630,880,96115,1600,98615
12405,290,140,120,150,13534,290,13913
12406,310,150,110,160,12098,310,12270
12407,110,50,40,60,4257,110,4319
12409,480,250,180,140,37741,480,39260
12410,160,80,60,60,10106,160,10371
12411,230,130,80,100,11544,230,11669
12412,340,160,130,160,16772,340,17204
12413,1350,650,450,740,56484,1350,57096
12414,4590,2350,1500,2420,216498,4590,219118
12418,260,130,100,130,15718,260,16026
12419,360,180,140,190,22949,360,23499
12421,160,80,70,40,10756,160,10963
12422,150,70,70,70,6833,150,6909
12423,480,250,170,230,21846,480,22032
12424,110,60,40,40,5889,110,5973
12427,220,120,80,140,9182,220,9252
12428,2560,1180,800,1770,105314,2560,106346
12430,450,210,180,200,19786,450,20205
12431,730,350,300,340,36226,730,36621
12433,200,120,70,70,14588,200,14993
12434,340,170,110,190,11777,340,11942
12435,180,80,90,110,7980,180,8107
12439,180,90,60,80,8328,180,8454
12440,980,540,360,390,59411,980,60419
12442,470,260,160,180,23837,470,24368
12443,2070,970,900,970,155240,2070,157719
12444,150,70,60,60,8511,150,8714
12446,2160,1040,810,1210,110482,2160,112379
12448,100,70,30,0,4648,100,4758
12449,1700,870,590,850,82182,1700,82880
12451,850,430,310,420,39133,850,39580
12454,110,50,50,50,4647,110,4737
12455,740,350,310,310,32820,740,33543
12456,400,180,150,250,16327,400,16496
12457,290,140,120,110,17617,290,18249
12458,1080,510,400,590,47206,1080,47595
12460,140,70,60,60,6231,140,6308
12461,780,380,320,330,43118,780,44005
12463,730,380,270,320,37528,730,38191
12464,440,250,140,170,21244,440,21865
12466,1590,850,530,670,86450,1590,87184
12468,480,240,190,250,20540,480,20954
12469,300,130,130,160,14655,300,14847
12470,220,100,80,150,8674,220,8757
12472,850,480,270,360,40468,850,41046
12473,420,200,180,210,21266,420,21513
12474,570,280,230,250,27824,570,28374
12477,8730,4300,3290,4360,459981,8730,466237
12480,280,140,80,100,11815,280,12131
12481,690,350,260,270,40228,690,40868
12482,370,190,120,180,13787,370,13937
12484,1480,690,610,650,98589,1480,100695
12485,490,270,160,210,20684,490,21001
12486,770,370,310,340,45468,770,46024
12487,1350,670,570,690,78995,1350,80003
12491,1010,520,380,470,61310,1010,62514
12492,110,60,40,30,6704,110,6806
12494,340,180,140,120,22918,340,23402
12495,150,90,50,40,9532,150,9823
12496,690,360,250,280,38115,690,39301
12498,2390,1290,890,770,197927,2390,203473
12501,1030,510,380,530,57614,1030,58641
12502,470,200,220,220,38783,470,39451
12503,300,130,130,130,27823,300,28274
12508,8510,4440,2670,4590,470978,8510,476608
12513,610,320,240,180,54021,610,55126
12514,1350,600,620,750,127561,1350,129695
12515,790,370,300,510,39976,790,40432
12516,740,330,300,370,40318,740,41256
12517,210,90,70,120,12111,210,12333
12518,2890,1390,1130,1760,234793,2890,238548
12520,1670,810,710,930,149840,1670,152386
12521,780,350,330,380,45189,780,46133
12522,2230,1050,830,1190,119044,2230,120662
12523,880,430,340,360,48578,880,49256
12524,7620,3720,3020,3770,544843,7620,550212
12525,1750,830,680,960,129059,1750,131736
12526,1820,910,700,910,124116,1820,126404
12528,6520,3060,2540,3800,399441,6520,403773
12529,1120,540,430,500,76815,1120,78755
12531,1540,690,670,930,131801,1540,133702
12533,12180,5150,5810,8530,1085644,12180,1097912
12534,7610,3980,2320,3810,360634,7610,366464
12538,6560,3260,2460,3210,386542,6560,390691
12540,3720,1590,1730,2590,372177,3720,377405
12542,2870,1370,1110,1670,188303,2870,190878
12543,1420,670,460,900,70744,1420,71132
12545,2240,1090,870,1100,258703,2240,265846
12546,1390,700,510,670,89326,1390,90815
12547,1420,680,550,840,91540,1420,92643
12548,740,350,300,420,43507,740,43918
12549,4990,2280,2060,3250,347710,4990,352660
12550,24860,11070,6930,18800,1270043,24860,1284949
12553,12150,5690,4260,7780,736175,12150,743093
12561,7140,3750,2580,3460,490204,7140,499941
12563,3530,1630,1500,1980,248708,3530,252384
12564,3340,1540,1430,1970,294398,3340,299233
12565,800,390,250,460,31421,800,31937
12566,4910,2230,2030,3170,294636,4910,298143
12567,1310,620,520,650,92682,1310,94522
12569,5050,2330,2030,2830,361925,5050,366640
12570,3380,1430,1630,2500,293392,3380,296485
12571,4510,2120,1940,2440,315602,4510,321549
12572,4540,2270,1780,2190,531176,4540,541584
12575,1100,510,490,750,85191,1100,86167
12577,960,410,420,680,72192,960,72960
12578,1130,490,550,620,90340,1130,91542
12580,1890,900,830,990,142380,1890,144882
12581,980,480,410,430,86440,980,88608
12582,2260,970,1080,1460,183590,2260,185800
12583,1060,550,390,600,61812,1060,63059
12585,460,210,190,260,32139,460,32826
12586,6030,2790,2290,3970,347144,6030,350477
12589,6700,3020,2740,3860,401925,6700,406937
12590,17800,8420,7010,10280,1181527,17800,1193259
12592,590,290,200,300,33425,590,33830
12594,1940,920,770,1280,110680,1940,111825
12601,17230,8690,4410,12040,804137,17230,813866
12603,20870,9900,8100,12400,1436482,20870,1454320
12701,4360,2120,1130,3020,164014,4360,166262
12719,460,220,180,210,23825,460,24300
12720,120,50,40,60,10946,120,11265
12721,2860,1240,1120,2020,166639,2860,168413
12723,720,350,270,300,37559,720,38461
12725,150,100,50,40,8180,150,8292
12726,490,240,210,250,26532,490,26971
12729,870,420,320,460,39030,870,39328
12732,370,170,160,190,22502,370,22857
12733,240,70,130,630,7899,240,8010
12734,550,260,160,460,23251,550,23603
12737,800,360,340,480,42502,800,43057
12738,120,60,40,70,5522,120,5604
12740,920,390,410,490,53010,920,53555
12741,160,90,50,90,6739,160,6867
12742,170,90,50,110,6994,170,7078
12743,140,60,60,70,8321,140,8406
12746,560,280,220,300,25322,560,25521
12747,790,390,270,420,34616,790,35083
12748,920,450,360,510,47968,920,48795
12750,100,50,30,50,3645,100,3729
12751,400,170,160,550,14108,400,14180
12752,140,70,50,60,6947,140,7128
12754,2860,1320,800,2240,124593,2860,126023
12758,1700,780,660,940,80555,1700,81535
12759,600,260,160,550,21112,600,21311
12760,220,110,90,100,9361,220,9461
12762,260,120,90,140,12797,260,13040
12763,390,170,140,230,18842,390,19269
12764,730,340,310,330,36183,730,36909
12765,470,220,190,250,25966,470,26224
12766,140,80,40,80,6695,140,6753
12768,390,200,150,190,20277,390,20524
12770,100,50,40,50,4782,100,4855
12771,6090,2880,2120,4230,293856,6090,297428
12775,1270,570,490,740,91273,1270,92732
12776,870,410,340,420,47810,870,48554
12777,330,140,150,130,23908,330,24282
12779,1020,420,230,990,40653,1020,41319
12780,1120,540,450,640,56896,1120,57408
12783,580,280,210,370,25800,580,26120
12786,300,150,120,140,18707,300,19060
12787,230,120,90,110,11174,230,11263
12788,940,450,310,590,47331,940,47769
12789,700,320,220,510,32781,700,33283
12790,2200,1060,780,1100,111895,2200,113049
12791,340,170,130,160,18890,340,19108
12792,210,100,70,110,9672,210,9821
12801,7640,4310,2140,3610,324155,7640,329009
12803,4190,2110,1500,2180,187139,4190,189037
12804,13470,6400,5500,6820,843328,13470,859554
12808,170,70,80,30,10592,170,10717
12809,1660,740,740,860,77796,1660,79024
12810,320,150,130,140,12640,320,12732
12814,920,480,330,280,53673,920,54719
12815,500,200,230,210,27720,500,28024
12816,2110,960,920,1090,103121,2110,105113
12817,1100,480,490,470,55298,1100,56123
12819,130,50,60,90,5251,130,5312
12821,150,70,50,70,6565,150,6618
12822,2800,1270,1130,1610,121682,2800,122843
12823,140,60,80,70,7331,140,7406
12824,410,190,170,140,30748,410,31299
12827,1910,850,810,960,88515,1910,89906
12828,4650,2250,1780,2500,210109,4650,212098
12831,8320,3620,3840,5320,556415,8320,563908
12832,2710,1250,1110,1570,117699,2710,119063
12833,2230,1010,970,1200,148722,2230,151400
12834,3170,1450,1380,1680,171956,3170,174538
12835,1260,550,560,560,58434,1260,59036
12836,320,150,130,110,17381,320,17672
12837,350,160,150,180,14472,350,14711
12838,330,140,150,160,14425,330,14631
12839,6440,3290,2110,3470,255956,6440,258452
12842,620,310,250,200,26655,620,27039
12843,260,100,140,130,12461,260,12591
12844,160,70,80,40,13361,160,13663
12845,2580,1320,980,1050,184885,2580,187801
12846,1620,800,620,700,72557,1620,73695
12847,370,180,160,130,16651,370,17703
12849,330,150,150,150,15676,330,15868
12850,1390,600,630,800,89898,1390,91331
12851,160,80,70,60,6039,160,6138
12852,220,110,90,90,10423,220,10537
12853,640,290,260,320,26635,640,27043
12855,120,40,60,40,5056,120,5122
12857,280,120,150,130,11811,280,11977
12859,1010,420,440,630,52423,1010,52926
12860,380,190,150,150,14343,380,14496
12861,290,110,130,130,16136,290,16257
12863,330,160,140,200,20463,330,20622
12865,1610,770,670,760,76544,1610,77968
12866,18890,9930,7220,8350,3149980,18890,3185003
12870,790,370,360,380,36236,790,36880
12871,1970,910,780,1250,103290,1970,104999
12873,370,180,150,150,19522,370,19931
12878,300,130,140,120,11702,300,11817
12883,2300,1070,870,1290,102513,2300,103559
12885,2210,1110,810,1090,89553,2210,90622
12886,110,50,50,70,5176,110,5275
12887,2150,970,830,1290,91280,2150,92238
12901,14200,7680,4570,6470,700929,14200,711614
12903,780,420,270,250,46241,780,46815
12910,740,320,300,410,31456,740,31708
12912,1000,440,430,470,43165,1000,43797
12913,530,230,230,280,24855,530,25148
12914,340,150,140,250,13308,340,13487
12916,900,380,380,640,35797,900,36136
12917,600,220,270,460,24786,600,25189
12918,1180,550,520,580,59047,1180,59680
12919,1590,750,660,880,71546,1590,72680
12920,1000,420,460,610,47866,1000,48759
12921,1200,550,500,630,65860,1200,66845
12923,210,90,110,130,9747,210,9880
12926,900,370,390,520,35302,900,35689
12928,900,380,400,520,41853,900,42288
12930,280,110,110,170,10745,280,10824
12932,640,320,250,270,29464,640,29848
12934,410,170,190,250,16457,410,16632
12935,690,290,300,360,30871,690,31214
12936,310,170,120,150,16564,310,17034
12937,610,240,260,420,23800,610,24019
12941,630,290,290,290,29998,630,30537
12942,340,160,140,120,21686,340,22327
12943,220,120,90,80,12354,220,12690
12944,1790,800,740,950,78125,1790,79065
12945,340,160,140,160,16722,340,16966
12946,2760,1560,910,1070,184207,2760,188496
12950,340,160,140,220,13514,340,13639
12952,260,130,120,110,12540,260,12671
12953,4840,2220,1830,2780,223203,4840,226538
12955,150,80,70,80,6757,150,6839
12956,500,200,190,290,19282,500,19382
12957,710,310,280,440,26008,710,26246
12958,840,350,390,490,38069,840,38543
12959,600,250,270,350,25645,600,25919
12960,470,190,220,280,22151,470,22304
12961,120,60,50,60,5201,120,5247
12962,2600,1070,1220,1400,145988,2600,147519
12965,210,90,100,160,7551,210,7643
12966,1190,480,530,810,47073,1190,47942
12967,440,190,200,380,18681,440,18801
12969,160,70,80,60,7764,160,7838
12970,160,80,70,50,6719,160,6895
12972,2990,1260,1380,1690,174660,2990,177087
12974,650,320,250,320,26464,650,26646
12978,190,90,90,120,8151,190,8229
12979,1200,600,440,520,58474,1200,58939
12980,560,240,240,340,22518,560,22674
12981,1090,490,490,510,55166,1090,55809
12983,3580,1960,1220,1540,187657,3580,191696
12985,460,200,200,260,19310,460,19483
12986,2640,1230,960,1290,130248,2640,127647
12987,130,50,70,70,6072,130,6329
12989,440,210,190,170,22110,440,22520
12992,2290,970,1050,1250,103421,2290,104598
12993,790,360,340,370,43172,790,43779
12996,930,440,380,400,44791,930,45466
12997,540,260,240,240,25479,540,25888
12998,210,80,70,140,7779,210,7792
13021,18440,9370,6230,9630,941159,18440,955507
13026,660,300,280,350,38767,660,39580
13027,16320,7510,6960,9180,1089119,16320,1105453
13028,570,220,250,290,25435,570,25677
13029,3480,1620,1490,2040,226602,3480,229709
13030,2030,1000,790,910,108691,2030,110205
13031,8290,4060,3470,4260,528846,8290,537605
13032,5860,2780,2290,3230,277596,5860,281724
13033,1720,710,790,1110,81642,1720,82935
13034,900,400,380,450,44669,900,45232
13035,3820,1730,1780,2240,386108,3820,396718
13036,4180,1990,1660,2350,200761,4180,203093
13037,4350,1960,1880,2500,238813,4350,242572
13039,8650,3960,3830,5220,575350,8650,583225
13040,1170,490,520,730,50097,1170,50506
13041,5470,2410,2410,3300,324521,5470,328457
13042,1040,450,450,580,47658,1040,48032
13044,1270,610,520,640,62473,1270,63199
13045,11370,5970,3960,5890,547575,11370,555612
13052,890,380,390,550,40418,890,40941
13053,2210,1060,870,1120,118957,2210,120315
13054,720,330,310,460,30657,720,31058
13057,7940,4170,2740,3730,400488,7940,406174
13060,1470,640,580,810,71557,1470,72618
13061,510,240,220,250,27337,510,27776
13063,920,390,450,580,54730,920,55738
13066,6460,3030,2880,3500,763277,6460,782718
13068,2510,1240,960,1270,130683,2510,132582
13069,10750,4950,4100,7010,467354,10750,472061
13071,480,210,200,240,22980,480,23509
13072,370,180,150,190,13223,370,13377
13073,3030,1420,1250,1680,152513,3030,155284
13074,1910,840,780,1240,79460,1910,80145
13076,1130,520,480,660,51645,1130,52103
13077,3200,1540,1270,1810,165118,3200,167411
13078,4430,1890,2220,2760,479954,4430,490871
13080,1820,810,720,1000,88343,1820,89376
13081,510,230,260,280,29996,510,30532
13082,2360,1140,950,1160,112723,2360,114185
13083,780,320,370,520,34890,780,35145
13084,2200,980,940,1140,135113,2200,137700
13088,11820,6440,3940,4840,589261,11820,596658
13090,15420,7420,6070,8750,900385,15420,912256
13092,1130,480,500,680,54990,1130,55812
13101,1180,520,500,720,50302,1180,50893
13103,170,80,50,140,4888,170,4905
13104,7680,3360,3700,5310,907431,7680,931104
13108,3130,1410,1430,1810,209886,3130,213508
13110,1150,530,500,550,66666,1150,68002
13111,710,320,290,460,28324,710,28560
13112,910,430,400,470,50414,910,51092
13114,2960,1310,1260,1790,144357,2960,145858
13116,1790,830,740,1030,92576,1790,93580
13118,2440,1090,1000,1410,116927,2440,118787
13120,1050,530,320,760,47240,1050,47823
13122,520,220,240,350,28744,520,29061
13126,14410,7090,5440,7820,733498,14410,741709
13131,1700,750,720,1070,77788,1700,78446
13132,1900,830,810,1040,95382,1900,96408
13135,3110,1360,1310,1980,155726,3110,157629
13136,220,100,80,130,7120,220,7186
13140,1980,890,780,1180,80686,1980,81665
13141,340,140,150,210,13926,340,14121
13142,2810,1230,1190,1710,135599,2810,137292
13143,1130,460,500,850,49845,1130,50390
13144,530,220,240,390,21493,530,21699
13145,890,390,370,490,39204,890,39580
13146,890,360,440,610,38863,890,39412
13147,540,250,210,310,26435,540,27040
13148,4990,2430,1910,2580,243767,4990,247172
13152,3990,1770,1940,2130,462255,3990,475097
13155,310,130,110,250,12204,310,12325
13156,810,340,400,460,40526,810,40979
13158,660,320,250,400,25987,660,26465
13159,2500,1090,1160,1500,167160,2500,170540
13160,950,440,420,490,49718,950,50539
13164,1230,500,620,910,75382,1230,76118
13165,5090,2460,1900,2740,212493,5090,215323
13166,2750,1260,1060,1500,124762,2750,126336
13167,1570,700,690,870,79427,1570,80239
13202,1800,1110,220,1250,73344,1800,74718
13203,6270,3570,1350,4050,235110,6270,238863
13204,7890,4560,1080,5670,243667,7890,246570
13205,7380,3810,1350,5450,224473,7380,226399
13206,8290,4790,1920,4020,310018,8290,313533
13207,6030,3060,1440,4090,243747,6030,247485
13208,9280,4800,2280,6660,275292,9280,277842
13209,6830,3550,2280,3290,305405,6830,308681
13210,6040,3660,1280,3000,240018,6040,244430
13211,3280,1800,900,1700,115917,3280,116915
13212,10630,5560,3640,4790,496591,10630,502947
13214,3790,1880,1390,2020,241655,3790,246564
13215,7150,3310,3300,4160,544979,7150,556682
13219,8190,4260,3100,3950,436981,8190,442722
13224,4210,2130,1280,2330,276846,4210,282786
13302,630,260,270,450,22883,630,23076
13303,540,230,260,330,31676,540,32149
13304,900,430,370,440,60432,900,61273
13308,1520,680,630,920,66023,1520,66745
13309,2660,1240,1120,1430,118938,2660,120087
13310,310,140,130,180,12297,310,12563
13314,220,90,100,130,7888,220,7935
13315,600,260,290,350,26093,600,26384
13316,2860,1250,1200,1710,124973,2860,126253
13317,1670,770,690,980,75396,1670,76133
13318,620,270,270,350,27170,620,27734
13319,440,210,130,260,17046,440,17196
13320,880,400,410,470,39098,880,39926
13322,580,270,240,300,27643,580,28113
13323,4690,2350,1930,2170,327062,4690,333381
13324,890,390,370,490,37489,890,37834
13325,450,220,190,250,16935,450,17245
13326,2610,1320,1040,1190,193489,2610,197187
13327,980,420,480,600,40837,980,41626
13328,560,260,230,270,27975,560,28540
13329,1570,670,670,980,62891,1570,63544
13331,150,80,60,30,8171,150,8364
13332,1090,460,490,770,45831,1090,46599
13334,560,250,250,350,23407,560,23675
13335,750,350,300,450,33849,750,34262
13337,400,190,180,180,27293,400,27730
13338,600,280,250,280,25381,600,25685
13339,2590,1140,1050,1800,101061,2590,102411
13340,3690,1740,1490,2080,171540,3690,173787
13343,800,340,370,430,36357,800,36864
13346,1930,920,840,860,134306,1930,136576
13348,640,300,270,350,29227,640,29670
13350,4010,2040,1380,2150,166171,4010,168211
13354,1620,710,720,1000,86373,1620,87756
13355,390,170,160,270,16541,390,16725
13357,4760,2210,1820,2890,204323,4760,206184
13360,220,110,100,100,10472,220,10685
13361,260,100,140,230,11064,260,11258
13363,1100,450,480,630,52656,1100,53275
13365,3670,1690,1450,2300,165441,3670,168280
13367,3620,1560,1670,2370,171594,3620,175402
13368,540,250,220,310,22028,540,22324
13402,650,300,270,420,27664,650,28174
13403,2280,1090,990,1140,138286,2280,139942
13406,300,140,120,150,12605,300,12775
13407,2420,1140,990,1290,101912,2420,102907
13408,1120,520,450,640,55141,1120,55863
13409,1100,520,450,680,47149,1100,47815
13411,1350,590,570,850,53357,1350,53939
13413,7790,3820,3300,3900,637591,7790,651742
13416,950,390,450,630,47384,950,48086
13417,1680,990,470,720,69149,1680,69942
13420,840,410,360,280,44384,840,45457
13421,6330,3160,2240,3570,298848,6330,303028
13424,1110,550,450,590,57821,1110,58422
13425,910,400,370,590,38317,910,38765
13428,640,280,260,420,29257,640,29611
13431,890,390,420,510,46088,890,46635
13433,710,340,290,480,24154,710,24347
13437,210,100,100,110,8868,210,8947
13438,1670,760,730,780,83801,1670,84846
13439,1760,820,740,940,75291,1760,76376
13440,18110,8880,6380,9780,838143,18110,847843
13450,130,70,50,60,5109,130,5244
13452,1870,780,790,1190,76428,1870,77289
13454,340,150,140,220,13940,340,14061
13456,2050,940,890,1170,112352,2050,114293
13459,930,440,400,470,40345,930,40928
13460,2140,1000,820,1210,89001,2140,90361
13461,1610,760,700,810,89744,1610,90752
13464,500,240,210,260,17347,500,17659
13468,220,110,100,120,11450,220,11658
13469,380,170,170,240,20490,380,20688
13470,260,100,130,130,10248,260,10305
13471,1390,590,580,930,53248,1390,53940
13473,350,150,150,210,15652,350,15927
13476,1660,850,610,870,75207,1660,76301
13477,590,280,250,360,25281,590,25646
13478,1500,680,630,880,72502,1500,73510
13480,1550,720,650,880,73218,1550,74448
13483,110,50,50,90,4417,110,4447
13485,440,170,200,320,17504,440,17701
13486,420,180,170,210,20712,420,20984
13488,120,50,60,70,5112,120,5204
13489,300,130,150,210,13205,300,13348
13490,690,330,280,380,33944,690,34395
13491,1660,710,740,1010,77496,1660,78760
13492,5980,2950,2390,3000,338753,5980,343480
13493,840,350,360,560,32398,840,32587
13494,170,80,70,60,6498,170,6568
13495,1050,600,330,440,43711,1050,44169
13501,14670,7360,4140,10910,543791,14670,551868
13502,14060,7410,4260,7810,557799,14060,564368
13601,16720,7800,6380,9860,750706,16720,760730
13603,3690,460,2850,5380,118828,3690,119882
13605,1970,830,900,1390,95143,1970,96432
13606,1270,550,550,780,63990,1270,64953
13607,1020,510,400,400,53548,1020,54479
13608,650,250,320,500,27248,650,27544
13612,1270,500,610,820,60226,1270,60982
13613,1010,400,440,660,43202,1010,43539
13614,110,40,60,90,4158,110,4260
13616,800,290,380,460,27476,800,27759
13617,3840,1820,1600,2040,209603,3840,212793
13618,860,370,390,400,44185,860,45152
13619,4340,1760,1990,2980,190984,4340,193289
13620,870,370,430,660,36215,870,37016
13621,290,110,110,180,12186,290,12315
13622,1050,440,490,620,54457,1050,55183
13624,2250,1030,990,1100,118494,2250,120718
13625,850,370,410,390,44801,850,45258
13626,970,450,440,550,42913,970,43507
13630,540,210,230,380,21618,540,21844
13634,1870,790,840,1100,94506,1870,95597
13635,410,170,190,260,16240,410,16389
13636,140,60,70,90,5844,140,5926
13637,2090,730,1030,1360,79517,2090,80389
13638,170,70,80,140,6294,170,6328
13640,220,90,110,50,17011,220,17257
13642,3460,1460,1530,2420,149075,3460,150986
13646,910,420,400,530,39114,910,40082
13648,950,390,460,590,42604,950,43075
13650,580,270,280,360,27227,580,27699
13652,750,330,330,550,28840,750,29156
13654,840,360,370,510,36394,840,37020
13655,1390,500,410,1720,46217,1390,46691
13656,1140,480,510,800,46275,1140,46840
13658,1040,430,470,680,47773,1040,48656
13659,250,100,130,150,11381,250,11482
13660,800,310,370,580,36449,800,37353
13661,700,280,340,480,32410,700,33132
13662,7160,3200,2710,4210,331969,7160,336415
13664,230,100,120,110,13804,230,14002
13665,400,170,180,280,15623,400,15765
13667,1350,590,580,820,56231,1350,57347
13668,1490,680,620,860,67529,1490,68178
13669,6400,2930,2440,3870,305553,6400,309910
13670,170,70,60,130,5548,170,5577
13672,360,160,150,190,16026,360,16153
13673,980,390,440,710,39613,980,40000
13676,4850,2370,1940,2640,267461,4850,271481
13679,830,360,380,480,37503,830,38043
13680,450,180,210,320,18914,450,19141
13681,360,140,180,280,13331,360,13546
13682,410,170,220,260,21390,410,21725
13684,480,190,230,300,19815,480,19935
13685,1180,540,530,570,70590,1180,71547
13687,270,110,110,100,11599,270,11719
13690,360,140,170,160,15127,360,15257
13691,1310,510,610,890,56761,1310,57368
13693,270,90,150,110,15145,270,15348
13694,700,280,320,380,41244,700,42093
13696,120,60,40,60,4628,120,4679
13697,930,360,400,650,38873,930,39306
13730,1260,590,510,620,52951,1260,53553
13731,510,240,210,180,31552,510,32167
13732,3900,1680,1870,2240,236619,3900,239465
13733,2250,990,970,1220,100628,2250,101834
13734,990,410,440,620,43279,990,43804
13736,1080,440,490,620,47951,1080,48484
13739,420,180,200,220,18094,420,18312
13740,230,100,120,140,12304,230,12757
13743,1730,760,740,1010,79481,1730,80361
13744,560,240,250,290,24974,560,25382
13746,1260,540,610,680,61192,1260,61790
13748,1790,830,740,960,86670,1790,87514
13750,470,200,200,260,18241,470,18412
13751,120,60,40,70,4539,120,4589
13752,350,170,140,170,14772,350,15016
13753,1920,950,750,930,97391,1920,99600
13754,1360,610,580,810,54952,1360,55674
13755,570,280,250,310,23397,570,23669
13756,220,100,90,100,8368,220,8501
13757,420,190,200,210,20375,420,20319
13760,21430,10800,8030,10540,1116296,21430,1130370
13775,750,330,330,350,36590,750,37085
13776,330,150,150,130,15002,330,15252
13777,400,180,180,230,16798,400,16934
13778,2690,1280,1100,1420,131843,2690,133528
13780,470,200,220,270,22086,470,22311
13782,310,140,120,140,12984,310,13116
13783,1030,480,430,600,45409,1030,46131
13786,190,80,70,80,7949,190,8038
13787,1530,690,630,970,60719,1530,61285
13788,420,170,190,260,18936,420,19331
13790,8590,4570,2710,4350,350672,8590,355575
13795,1810,850,710,980,80183,1810,80757
13796,590,280,240,280,25935,590,26245
13797,920,400,370,550,38412,920,38772
13801,540,230,220,310,19550,540,19750
13802,440,210,200,270,20342,440,20730
13803,1850,790,820,1280,78914,1850,79854
13804,220,100,80,100,8501,220,8561
13806,110,70,40,40,4315,110,4382
13807,610,290,250,320,28035,610,28624
13808,780,350,350,420,35176,780,35551
13809,720,300,310,410,29503,720,29918
13810,510,250,220,240,20436,510,20707
13811,2030,870,910,1220,94835,2030,95840
13812,1080,480,440,580,46387,1080,47019
13813,410,190,170,240,16891,410,17135
13815,6030,2930,2190,3270,282724,6030,286426
13820,7780,4170,2710,3540,389909,7780,396714
13825,1540,700,650,780,68947,1540,70168
13827,5310,2450,2250,2900,274410,5310,278290
13830,2200,1000,920,1260,94110,2200,95346
13832,270,110,100,170,10138,270,10225
13833,1940,870,780,1120,86616,1940,87464
13835,650,300,250,360,26551,650,26803
13838,1950,910,710,1160,85547,1950,86455
13839,650,280,280,350,25329,650,25589
13841,230,120,90,130,9256,230,9392
13842,210,100,100,110,10028,210,10165
13843,780,340,330,440,33019,780,33482
13844,330,150,140,190,12859,330,13033
13846,150,70,60,70,6492,150,6614
13849,2000,910,840,1050,93006,2000,94065
13850,10060,4740,4490,5290,724189,10060,737336
13856,2690,1280,1090,1420,113768,2690,115317
13861,330,160,150,160,15526,330,15739
13862,1810,810,790,1110,82191,1810,83287
13863,200,80,80,140,7099,200,7161
13864,510,250,190,250,20614,510,20945
13865,2770,1170,1260,1670,126190,2770,127431
13901,8650,4390,3000,4720,420419,8650,426111
13903,8570,4400,2890,4490,445443,8570,452801
13904,4300,2230,1430,2160,183979,4300,185865
13905,11030,6240,3150,5190,498716,11030,507154
14001,4820,2300,2050,2370,255732,4820,259683
14004,5360,2470,2430,2780,292492,5360,296492
14005,910,420,390,570,42402,910,43995
14006,4840,2460,1800,2290,229556,4840,232052
14008,720,330,310,400,33654,720,34117
14009,2650,1280,1080,1400,119745,2650,121560
14011,2870,1320,1230,1530,140932,2870,142886
14012,1130,500,520,730,49767,1130,50486
14013,730,320,310,540,29866,730,30247
14020,10050,5180,3470,4940,454944,10050,462075
14024,730,330,330,420,32568,720,32744
14025,1580,720,720,820,99284,1580,101280
14026,390,190,160,180,20192,390,20501
14028,730,350,350,370,42484,730,43068
14030,780,370,340,420,33025,780,33472
14031,4910,2370,2200,2560,589304,4910,603065
14032,4040,1690,2070,3040,412713,4040,422149
14033,1170,520,560,620,83647,1170,85117
14034,880,420,360,490,39969,880,40519
14036,2450,1180,1030,1200,119674,2450,121373
14037,610,280,270,290,31990,610,32409
14040,1120,530,510,540,56331,1120,57094
14041,100,60,30,90,3601,100,3655
14042,1690,730,740,1080,67198,1690,67841
14043,12980,7030,4630,5280,603401,12980,609609
14047,3180,1530,1360,1570,176893,3180,178744
14048,6440,3310,2030,3590,249005,6440,251790
14051,10020,4370,4980,6340,1078095,10020,1105471
14052,8970,4270,4010,4670,753511,8970,773941
14054,610,260,300,390,30682,610,31113
14055,720,320,320,350,36512,720,37218
14057,4170,1960,1840,2320,247380,4170,251761
14058,1060,430,500,700,54161,1060,55546
14059,4960,2280,2310,2360,356022,4960,361859
14060,180,90,80,90,7174,180,7276
14062,1530,660,700,790,71056,1530,72239
14063,5110,2520,2040,2560,269941,5110,274277
14065,770,340,380,550,31815,770,32801
14066,490,220,210,280,22068,490,22527
14067,2400,1100,1080,1310,116674,2400,118217
14068,3580,1710,1610,1970,296223,3580,303090
14069,450,220,210,200,25978,450,26395
14070,2300,1170,770,1230,97135,2300,98085
14072,10580,4850,4740,5780,776850,10580,790932
14075,22270,11210,8920,10850,1371342,22270,1390901
14080,2130,970,980,1080,120611,2130,122789
14081,1220,600,400,800,55084,1220,55823
14082,230,100,110,120,11362,230,11821
14085,3740,1630,1800,2370,264580,3740,267596
14086,17210,8320,7520,9570,1091542,17210,1105960
14091,590,250,240,410,25656,590,26162
14092,5680,2750,2400,2550,411573,5680,419683
14094,24480,12070,9420,12910,1223206,24480,1238248
14098,1340,580,590,830,59362,1340,60132
14101,820,350,360,450,32625,820,33080
14102,670,300,310,370,39457,670,39889
14103,4930,2360,1780,2820,206877,4930,209502
14105,2130,930,950,1210,100398,2130,101713
14108,2790,1270,1180,1470,133754,2790,135020
14111,1590,780,650,940,75447,1590,76567
14113,400,170,180,230,18961,400,19458
14120,22520,11160,9050,10900,1208028,22520,1222124
14125,1760,760,790,1130,80389,1760,81421
14127,15640,7470,7040,8560,1508082,15640,1540964
14129,570,240,250,320,25934,570,26205
14131,2550,1140,1160,1310,137133,2550,138855
14132,2910,1390,1250,1430,148354,2910,150239
14134,150,80,60,70,6761,150,6888
14136,2310,1070,910,1300,101782,2310,103266
14138,850,380,350,530,35014,850,35556
14139,1180,530,540,600,70679,1180,72021
14141,3730,1780,1540,1940,191639,3730,195218
14143,670,300,300,290,34458,670,34840
14145,770,370,360,390,38093,770,39693
14150,22070,12030,7710,8880,993188,22070,1004260
14167,800,370,360,380,39036,800,40198
14170,1260,600,540,600,80647,1260,81995
14171,960,450,430,460,43672,960,44196
14172,1620,760,720,880,87000,1620,88064
14174,2900,1310,1290,1400,212043,2900,215448
14201,4580,2840,710,2700,163449,4580,166176
14202,1690,1110,290,550,273126,1690,280360
14203,730,500,80,280,39851,730,40779
14204,3270,1700,450,2340,90886,3270,91465
14206,9490,5260,2310,5130,307089,9490,309411
14207,9310,4800,2050,7320,241264,9310,243711
14208,3640,1880,440,2780,99360,3640,100010
14209,3470,2320,610,1320,233799,3470,240791
14210,6330,3500,1380,4000,197787,6330,199340
14211,8600,4130,1100,7460,209384,8600,211086
14212,4150,2100,900,3260,112904,4150,113879
14213,9060,4910,1920,7090,235592,9060,238789
14214,7600,4300,1830,4030,371775,7600,379240
14215,16580,8120,2430,12630,493727,16580,497562
14216,11260,6740,2870,4740,636533,11260,652967
14217,11710,6400,3930,5280,570413,11710,578741
14218,8900,4900,2540,5010,319257,8900,322138
14219,6140,3440,1860,2670,259906,6140,262600
14220,11640,6440,3380,5950,485045,11640,489639
14221,27280,13500,11690,13750,2385456,27280,2440209
14222,6020,4180,1390,1520,443200,6020,454886
14223,12400,6600,4470,5610,624819,12400,633352
14224,21400,11090,8310,9610,1137990,21400,1150816
14225,17630,9830,5420,7690,715228,17630,722927
14226,14510,7520,5400,7300,1036167,14510,1059092
14227,11990,6350,4400,4660,554415,11990,559386
14228,9180,4820,3330,4800,544043,9180,553920
14301,5110,2780,960,3190,137057,5110,138114
14303,2430,1320,430,1530,66189,2430,66647
14304,15250,7980,5260,7060,663877,15250,670368
14305,7330,3630,1930,4610,264741,7330,267064
14411,5480,2620,1980,3180,229108,5480,232158
14414,3480,1720,1410,1880,184496,3480,186945
14416,1910,870,840,1040,93476,1910,94953
14418,570,250,270,300,27806,570,27824
14420,7610,3640,3090,4240,403079,7610,408352
14422,1100,500,470,560,57876,1100,59034
14423,2330,1090,990,1270,118648,2330,120407
14424,13380,6690,5140,6500,831225,13380,846506
14425,5800,2720,2280,3470,311404,5800,315554
14427,920,370,430,570,42579,920,43196
14428,4440,2060,2000,2260,260964,4440,265211
14432,2640,1290,1040,1460,125385,2640,128184
14433,1990,890,780,1410,81946,1990,82918
14435,1450,700,640,680,87183,1450,88463
14437,4350,2010,1760,2410,194392,4350,196648
14441,170,90,60,80,6992,170,7070
14445,4090,2320,1160,1830,171625,4090,174415
14450,21470,10080,9580,11450,1784559,21470,1814112
14454,2970,1470,1230,1440,192110,2970,195739
14456,8870,4510,2910,4850,409825,8870,416664
14462,290,110,150,210,14861,290,14983
14464,3460,1530,1510,2030,162737,3460,164299
14466,850,390,380,440,41277,850,41825
14467,4780,2400,1860,2290,258517,4780,261475
14468,9310,4080,4370,5220,543094,9310,550221
14469,2960,1360,1290,1450,156221,2960,159414
14470,3740,1740,1490,2000,166339,3740,167913
14471,1410,670,590,480,72324,1410,73284
14472,4280,1900,2030,2590,424194,4280,433808
14475,180,60,100,120,12272,180,12469
14476,1040,440,480,600,52059,1040,52721
14477,760,340,340,410,37288,760,37667
14478,460,200,220,200,27443,460,27988
14480,460,240,150,220,20559,460,20965
14481,890,410,390,420,44232,890,44922
14482,4050,1960,1580,2160,208313,4050,211805
14485,1980,910,890,1100,102033,1980,103644
14486,160,50,80,90,8542,160,8678
14487,2980,1370,1270,1630,169283,2980,171447
14489,3250,1550,1200,1800,132635,3250,133785
14502,5160,2260,2370,3190,304529,5160,308933
14504,860,460,280,390,32475,860,32715
14505,2590,1150,1130,1430,122054,2590,124061
14506,610,260,330,390,69404,610,71143
14507,660,300,290,350,31132,660,31603
14510,2190,1000,810,1420,90259,2190,91391
14512,2300,1050,990,1190,117848,2300,119740
14513,6410,3160,2170,3530,269089,6410,272242
14514,2910,1290,1270,1870,164415,2910,166212
14516,1080,490,470,590,50765,1080,51360
14517,1280,560,530,720,57912,1280,58614
14519,5920,2650,2660,3250,350642,5920,355116
14521,1280,600,520,830,56555,1280,57296
14522,4440,2050,1800,2430,213410,4440,216319
14525,1340,600,610,760,65057,1340,66926
14526,10590,4880,4850,5950,838861,10590,855233
14527,5800,2790,2380,3410,274678,5800,278967
14530,2490,1150,990,1470,115840,2490,118247
14532,2160,1010,870,1200,104107,2160,105712
14533,770,340,320,480,35312,770,35818
14534,16110,6720,8320,10480,2271482,16110,2319723
14536,300,130,120,180,12106,300,12309
14541,1040,430,480,710,52132,1040,52956
14543,1750,840,790,760,117706,1750,119472
14544,960,430,400,620,54588,960,55721
14546,2500,1260,990,1150,141453,2500,143964
14548,1910,880,800,1080,87101,1910,88219
14550,760,360,300,460,32673,760,34308
14551,2570,1240,890,1560,105392,2570,107152
14555,490,220,220,160,27544,490,28101
14559,9110,4170,4120,5020,563611,9110,571693
14560,1020,450,470,470,50677,1020,51355
14561,1290,610,560,850,62559,1290,64149
14564,7490,3290,3600,4700,792811,7490,810064
14568,3000,1290,1410,1740,171976,3000,174190
14569,2850,1370,1170,1510,136571,2850,139473
14571,590,240,270,320,29007,590,29418
14572,2260,1010,930,1280,96819,2260,97909
14580,26670,12390,11900,14520,1866237,26670,1895586
14585,150,90,50,30,6458,150,6503
14586,4940,2220,2170,3140,298891,4940,302515
14589,3700,1670,1570,2080,191480,3700,194506
14590,2260,1050,880,1330,99353,2260,100682
14591,780,360,370,410,36996,780,37999
14604,910,720,90,160,56503,910,57660
14605,3820,1790,390,3800,80567,3820,81420
14606,13170,6600,3650,7950,473934,13170,478677
14607,8010,6440,960,1250,365071,8010,373128
14608,4600,2520,530,3630,121798,4600,123316
14609,19950,10820,4380,11760,734226,19950,743398
14610,7680,4680,2410,2520,735824,7680,753832
14611,6530,3270,740,5520,153818,6530,155092
14612,17930,9090,6760,8720,961410,17930,973635
14613,5590,2710,930,5080,148029,5590,149556
14614,230,180,40,40,17041,230,17495
14615,7970,4260,1820,4690,278360,7970,280882
14616,14850,7890,4500,7420,611909,14850,618249
14617,12510,6260,4810,6480,706442,12510,717712
14618,10430,4960,4480,5950,1097087,10430,1124184
14619,6600,3430,1020,4660,214670,6600,216622
14620,10760,7250,2270,3270,479637,10760,488444
14621,12110,6000,1680,10440,292532,12110,294806
14622,6680,3650,2230,2620,323150,6680,327658
14623,9360,5360,2940,3810,397123,9360,401466
14624,19570,9790,7510,9520,1016158,19570,1029812
14625,5620,2790,2360,2550,419166,5620,427262
14626,15800,7950,6150,7430,865833,15800,878357
14701,16570,8050,5760,9550,646437,16570,656082
14706,2740,1200,1240,1580,162081,2740,164923
14709,660,270,320,410,28765,660,29143
14710,1630,690,770,820,77302,1630,78571
14711,720,280,340,570,29120,720,29426
14712,1560,680,750,810,107083,1560,110372
14714,170,60,80,100,6497,170,6554
14715,1140,510,500,790,44795,1140,45312
14716,980,480,370,580,36213,980,36729
14717,300,150,120,130,11861,300,12080
14718,930,420,400,450,41210,930,41681
14719,1410,650,610,750,58958,1410,59842
14723,560,240,230,330,22674,560,22914
14724,1010,400,530,840,42445,1010,43672
14726,400,160,200,360,14436,400,14657
14727,2310,990,1020,1250,110445,2310,111910
14728,470,190,220,250,23711,470,24251
14729,430,210,150,200,18022,430,18323
14731,770,430,270,310,48494,770,49886
14733,1780,810,720,1090,67567,1780,68243
14735,1030,430,480,830,40819,1030,41408
14736,240,110,120,120,11010,240,11700
14737,1700,780,720,1010,68996,1700,69934
14738,1660,710,770,950,71058,1660,72124
14739,1110,490,460,730,39751,1110,40187
14740,530,220,250,310,22152,530,22433
14741,890,420,380,460,40334,890,40873
14743,820,370,360,480,35131,820,35459
14744,470,180,260,310,20173,470,20625
14747,990,410,460,570,37612,990,38154
14748,310,150,110,220,10923,310,11010
14750,2270,1040,1020,1160,146980,2270,150798
14753,500,220,210,270,19799,500,20051
14754,270,110,130,160,10979,270,11085
14755,1240,570,530,680,51561,1240,52144
14757,1510,730,590,740,68235,1510,69350
14760,8390,4310,2910,4450,381042,8390,386406
14767,730,280,380,660,28473,730,28886
14769,400,180,170,200,15183,400,15641
14770,1330,590,580,790,60030,1330,60840
14772,1640,710,730,1190,71683,1640,72794
14775,1090,480,500,630,41838,1090,42616
14777,300,140,130,140,11962,300,12082
14779,2980,1490,890,1960,103983,2980,104980
14781,900,390,450,680,35033,900,35519
14782,980,400,460,650,39325,980,39955
14784,430,200,180,270,16111,430,16283
14787,2330,1160,940,1110,102194,2330,104270
14801,2260,940,970,1600,92608,2260,93332
14802,410,240,140,150,19295,410,19613
14803,540,240,240,300,25748,540,26182
14804,630,290,290,380,30857,630,31628
14805,510,220,240,280,25290,510,25656
14806,960,410,440,630,45437,960,45850
14807,1360,600,620,770,63313,1360,64354
14808,280,130,90,180,9740,280,9826
14809,1130,490,510,650,44443,1130,44918
14810,5160,2440,1990,2720,215559,5160,217945
14812,1500,600,690,930,67582,1500,68190
14813,1050,470,450,630,43508,1050,44123
14814,990,450,460,530,69826,990,70551
14815,410,170,210,240,18667,410,18823
14816,300,130,160,120,15238,300,15461
14817,1290,680,460,570,63323,1290,64385
14818,880,390,390,390,48957,880,49682
14819,280,140,120,170,9533,280,9575
14820,270,100,140,200,11610,270,11689
14821,1530,670,680,830,71118,1530,71726
14822,500,220,210,290,20000,500,20279
14823,1690,730,720,1030,70890,1690,71652
14824,330,140,140,180,13586,330,13737
14825,400,150,190,240,18308,400,18462
14826,900,370,410,520,39432,900,39927
14830,9520,4700,3630,5140,629023,9520,635360
14836,480,190,210,260,22463,480,22613
14837,2160,970,940,1450,89608,2160,90892
14838,910,360,400,540,40792,910,41430
14839,280,110,160,210,12165,280,12262
14840,1540,730,680,590,92320,1540,93840
14841,460,210,190,180,26851,460,27589
14842,340,140,180,240,19360,340,19690
14843,5590,2730,2020,3460,231405,5590,234457
14845,10090,4620,4390,5290,627838,10090,636434
14846,280,120,140,180,11191,280,11309
14847,1130,540,460,590,52403,1130,53423
14850,22500,12570,7790,9660,1602222,22500,1634886
14853,170,140,30,40,6210,170,6295
14855,370,140,210,390,13753,370,13958
14858,710,290,360,450,35312,710,35592
14859,520,210,230,290,20893,520,21093
14860,500,240,200,230,23304,500,23696
14861,640,270,280,330,27339,640,27657
14864,570,250,240,320,23382,570,23612
14865,1180,580,440,580,52870,1180,53461
14867,2670,1320,1020,1440,119983,2670,121948
14869,620,300,250,340,27678,620,27946
14870,4570,2100,1970,2640,330596,4570,334033
14871,2210,950,1070,1050,128822,2210,130383
14872,290,130,120,140,11389,290,11540
14873,1030,430,470,650,42598,1030,43086
14874,110,50,50,50,4726,110,4829
14877,200,80,100,120,8223,200,8500
14878,280,120,120,170,12750,280,12989
14879,960,400,430,640,39994,960,40304
14880,710,310,320,360,28525,710,28843
14881,150,80,50,70,6161,150,6212
14882,1960,940,800,1030,123679,1960,125690
14883,1900,830,810,1040,88063,1900,89429
14884,150,80,50,70,6206,150,6250
14885,310,120,140,270,11026,310,11199
14886,3290,1540,1400,1660,197705,3290,202165
14889,650,280,270,420,26387,650,26683
14891,2050,1020,800,970,91372,2050,92604
14892,3700,1770,1350,2100,160347,3700,162215
14894,620,250,290,340,26725,620,27000
14895,4100,1960,1600,2250,185284,4100,187800
14897,380,130,190,260,17231,380,17390
14898,580,240,260,510,22986,580,23137
14901,5420,2760,1450,3520,188869,5420,190619
14903,3640,1740,1390,1980,208539,3640,211982
14904,7180,3630,2160,4220,249694,7180,251840
14905,4340,2080,1680,2180,275019,4340,279825
99999,92930,51580,29240,46850,12544489,92930,12726684
